{
  "citations" : [ {
    "@id" : "https://pharmgkb.org/literature/15100546",
    "@context" : "https://api.pharmgkb.org/jsonld/literature.jsonld",
    "id" : 15100546,
    "title" : "Cystic Fibrosis Foundation Pulmonary Guidelines. Use of Cystic Fibrosis Transmembrane Conductance Regulator Modulator Therapy in Patients with Cystic Fibrosis.",
    "_sameAs" : "https://www.ncbi.nlm.nih.gov/pubmed/29342367",
    "authors" : [ "Ren Clement L", "Morgan Rebecca L", "Oermann Christopher", "Resnick Helaine E", "Brady Cynthia", "Campbell Annette", "DeNagel Richard", "Guill Margaret", "Hoag Jeffrey", "Lipton Andrew", "Newton Thomas", "Peters Stacy", "Willey-Courand Donna Beth", "Naureckas Edward T" ],
    "crossReferences" : [ {
      "@id" : "https://pharmgkb.org/crossReference/pubMed/29342367",
      "@context" : "https://api.pharmgkb.org/jsonld/crossReference.jsonld",
      "id" : 1449192798,
      "resource" : "PubMed",
      "resourceId" : "29342367",
      "_url" : "https://www.ncbi.nlm.nih.gov/pubmed/29342367",
      "version" : 0
    }, {
      "@id" : "https://pharmgkb.org/crossReference/doi/10.1513/AnnalsATS.201707-539OT",
      "@context" : "https://api.pharmgkb.org/jsonld/crossReference.jsonld",
      "id" : 1449192799,
      "resource" : "DOI",
      "resourceId" : "10.1513/AnnalsATS.201707-539OT",
      "_url" : "http://dx.doi.org/10.1513%2FAnnalsATS.201707-539OT",
      "version" : 0
    } ],
    "hasKeyword" : true,
    "journal" : "Annals of the American Thoracic Society",
    "meshDiseases" : [ ],
    "meshTerms" : [ ],
    "month" : 3,
    "nonHuman" : false,
    "objCls" : "Literature",
    "page" : "271-280",
    "pediatric" : false,
    "pgkbPublication" : false,
    "pubDate" : "2018-03-01T00:00:00-08:00",
    "summary" : "BACKGROUND: Cystic fibrosis (CF) transmembrane conductance regulator (CFTR) modulators are a new class of medications targeting the underlying defect in CF. Ivacaftor (IVA) and IVA combined with lumacaftor (LUM; IVA/LUM) have been approved by the U.S. Food and Drug Administration (FDA) for use in patients with CF. However, the FDA label for these medications encompasses patient groups that were not studied as part of the drug approval process. CF clinicians, patients, and their families have recognized a need for recommendations to guide the use of these medications.\n\nOBJECTIVE: Develop evidence-based guidelines for CFTR modulator therapy in patients with CF.\n\nMETHODS: A multidisciplinary committee of CF caregivers and patient representatives was assembled. A methodologist, an epidemiologist, a medical librarian, and a biostatistician were recruited to assist with the literature search, evidence grading, and generation of recommendations. The committee developed clinical questions using the Patient-Intervention-Comparison-Outcome format. A systematic review was conducted to find relevant publications. The evidence was then evaluated using the GRADE (Grading of Recommendations, Assessment, Development, and Evaluation) approach, and recommendations were made based on this analysis.\n\nRESULTS: For adults and children aged 6 years and older with CF due to gating mutations other than G551D or R117H, the guideline panel made a conditional recommendation for treatment with IVA. For those with the R117H mutation, the guideline panel made a conditional recommendation for treatment with IVA for 1) adults aged 18 years or older, and 2) children aged 6-17 years with a forced expiratory volume in 1 second (FEV 1) less than 90% predicted. For those with the R117H mutation, the guideline panel made a conditional recommendation against treatment with IVA for 1) children aged 12-17 years with an FEV 1 greater than 90% predicted, and 2) children less than 6 years of age. Among those with two copies of F508del, the guideline panel made a strong recommendation for treatment with IVA/LUM for adults and children aged 12 years and older with an FEV 1 less than 90% predicted; and made a conditional recommendation for treatment with IVA/LUM for 1) adults and children aged 12 years or older with an FEV 1 greater than 90% predicted, and 2) children aged 6-11 years.\n\nCONCLUSIONS: Using the GRADE approach, we have made recommendations for the use of CFTR modulators in patients with CF. These recommendations will be of help to CF clinicians, patients, and their families in guiding decisions regarding use of these medications.",
    "version" : 0,
    "volume" : "15",
    "year" : 2018
  }, {
    "@id" : "https://pharmgkb.org/literature/15100545",
    "@context" : "https://api.pharmgkb.org/jsonld/literature.jsonld",
    "id" : 15100545,
    "title" : "Clinical Practice Guidelines From the Cystic Fibrosis Foundation for Preschoolers With Cystic Fibrosis.",
    "_sameAs" : "https://www.ncbi.nlm.nih.gov/pubmed/27009033",
    "authors" : [ "Lahiri Thomas", "Hempstead Sarah E", "Brady Cynthia", "Cannon Carolyn L", "Clark Kelli", "Condren Michelle E", "Guill Margaret F", "Guillerman R Paul", "Leone Christina G", "Maguiness Karen", "Monchil Lisa", "Powers Scott W", "Rosenfeld Margaret", "Schwarzenberg Sarah Jane", "Tompkins Connie L", "Zemanick Edith T", "Davis Stephanie D" ],
    "crossReferences" : [ {
      "@id" : "https://pharmgkb.org/crossReference/pubMed/27009033",
      "@context" : "https://api.pharmgkb.org/jsonld/crossReference.jsonld",
      "id" : 1449192792,
      "resource" : "PubMed",
      "resourceId" : "27009033",
      "_url" : "https://www.ncbi.nlm.nih.gov/pubmed/27009033",
      "version" : 0
    }, {
      "@id" : "https://pharmgkb.org/crossReference/doi/10.1542/peds.2015-1784",
      "@context" : "https://api.pharmgkb.org/jsonld/crossReference.jsonld",
      "id" : 1449192793,
      "resource" : "DOI",
      "resourceId" : "10.1542/peds.2015-1784",
      "_url" : "http://dx.doi.org/10.1542%2Fpeds.2015-1784",
      "version" : 0
    } ],
    "hasKeyword" : false,
    "journal" : "Pediatrics",
    "meshDiseases" : [ "PA443829" ],
    "meshTerms" : [ "Child, Preschool", "Cystic Fibrosis", "Female", "Foundations", "Humans", "Male", "Practice Guidelines as Topic" ],
    "month" : 4,
    "nonHuman" : false,
    "objCls" : "Literature",
    "pediatric" : false,
    "pgkbPublication" : false,
    "pubDate" : "2016-04-01T00:00:00-07:00",
    "summary" : "Cystic fibrosis (CF) clinical care guidelines exist for the care of infants up to age 2 years and for individuals ≥6 years of age. An important gap exists for preschool children between the ages of 2 and 5 years. This period marks a time of growth and development that is critical to achieve optimal nutritional status and maintain lung health. Given that disease often progresses in a clinically silent manner, objective and sensitive tools that detect and track early disease are important in this age group. Several challenges exist that may impede the delivery of care for these children, including adherence to therapies. A multidisciplinary committee was convened by the CF Foundation to develop comprehensive evidence-based and consensus recommendations for the care of preschool children, ages 2 to 5 years, with CF. This document includes recommendations in the following areas: routine surveillance for pulmonary disease, therapeutics, and nutritional and gastrointestinal care.",
    "version" : 0,
    "volume" : "137",
    "year" : 2016
  }, {
    "@id" : "https://pharmgkb.org/literature/15100544",
    "@context" : "https://api.pharmgkb.org/jsonld/literature.jsonld",
    "id" : 15100544,
    "title" : "Cystic fibrosis pulmonary guidelines. Chronic medications for maintenance of lung health.",
    "_sameAs" : "https://www.ncbi.nlm.nih.gov/pubmed/23540878",
    "authors" : [ "Mogayzel Peter J", "Naureckas Edward T", "Robinson Karen A", "Mueller Gary", "Hadjiliadis Denis", "Hoag Jeffrey B", "Lubsch Lisa", "Hazle Leslie", "Sabadosa Kathy", "Marshall Bruce", "Pulmonary Clinical Practice Guidelines Committee" ],
    "crossReferences" : [ {
      "@id" : "https://pharmgkb.org/crossReference/pubMed/23540878",
      "@context" : "https://api.pharmgkb.org/jsonld/crossReference.jsonld",
      "id" : 1449192789,
      "resource" : "PubMed",
      "resourceId" : "23540878",
      "_url" : "https://www.ncbi.nlm.nih.gov/pubmed/23540878",
      "version" : 0
    } ],
    "hasKeyword" : false,
    "journal" : "American journal of respiratory and critical care medicine",
    "meshDiseases" : [ "PA443829" ],
    "meshTerms" : [ "Adrenergic beta-Agonists", "Anti-Infective Agents", "Anti-Inflammatory Agents, Non-Steroidal", "Bronchodilator Agents", "Cystic Fibrosis", "Cystic Fibrosis Transmembrane Conductance Regulator", "Evidence-Based Medicine", "Humans", "Practice Guidelines as Topic" ],
    "month" : 4,
    "nonHuman" : false,
    "objCls" : "Literature",
    "page" : "680-9",
    "pediatric" : false,
    "pgkbPublication" : false,
    "pubDate" : "2013-04-01T00:00:00-07:00",
    "summary" : "Cystic fibrosis (CF) is an autosomal recessive disease characterized by abnormal airways secretions, chronic endobronchial infection, and progressive airway obstruction. The use of medications to slow the progression of lung disease has led to significant improvement in survival. An evidence review of chronic medications for CF lung disease was performed in 2007 to provide guidance to clinicians in evaluating and selecting appropriate treatment for individuals with this disease. We have undertaken a new review of the literature to update the recommendations, including consideration of new medications and additional evidence on previously reviewed therapies. A multidisciplinary committee of experts in CF pulmonary care was established to review the evidence for use of chronic medications for CF lung disease and make treatment recommendations. Published evidence for chronic lung therapies was systematically reviewed and resulting treatment recommendations were graded based on the United States Preventive Services Task Force scheme. These guidelines provide up-to-date evidence of safety and efficacy of chronic treatments of CF lung disease, including the use of novel therapies that have not previously been included in CF pulmonary guidelines.",
    "version" : 0,
    "volume" : "187",
    "year" : 2013
  } ],
  "guideline" : {
    "@id" : "https://pharmgkb.org/guidelineAnnotation/PA166178241",
    "@context" : "https://api.pharmgkb.org/jsonld/guidelineAnnotation.jsonld",
    "objCls" : "Guideline Annotation",
    "id" : "PA166178241",
    "name" : "Annotation of CFF Guideline for ivacaftor and CFTR",
    "cancerGenome" : false,
    "crossReferences" : [ ],
    "guidelineGenes" : [ ],
    "history" : [ {
      "id" : 1451136801,
      "date" : "2020-05-13T00:00:00-07:00",
      "description" : "Combined all CFF guidelines into one annotation",
      "type" : "Update",
      "version" : 0
    }, {
      "id" : 1451678141,
      "date" : "2022-02-10T13:47:54.659-08:00",
      "description" : "Added CFF as source",
      "type" : "Update",
      "version" : 0
    } ],
    "literature" : [ {"@id":"https://pharmgkb.org/literature/15100546","@context":"https://api.pharmgkb.org/jsonld/literature.jsonld","id":15100546,"title":"Cystic Fibrosis Foundation Pulmonary Guidelines. Use of Cystic Fibrosis Transmembrane Conductance Regulator Modulator Therapy in Patients with Cystic Fibrosis.","_sameAs":"https://www.ncbi.nlm.nih.gov/pubmed/29342367","crossReferences":[{"@id":"https://pharmgkb.org/crossReference/pubMed/29342367","@context":"https://api.pharmgkb.org/jsonld/crossReference.jsonld","id":1449192798,"resource":"PubMed","resourceId":"29342367","_url":"https://www.ncbi.nlm.nih.gov/pubmed/29342367"},{"@id":"https://pharmgkb.org/crossReference/doi/10.1513/AnnalsATS.201707-539OT","@context":"https://api.pharmgkb.org/jsonld/crossReference.jsonld","id":1449192799,"resource":"DOI","resourceId":"10.1513/AnnalsATS.201707-539OT","_url":"http://dx.doi.org/10.1513%2FAnnalsATS.201707-539OT"}],"objCls":"Literature"}, {"@id":"https://pharmgkb.org/literature/15100545","@context":"https://api.pharmgkb.org/jsonld/literature.jsonld","id":15100545,"title":"Clinical Practice Guidelines From the Cystic Fibrosis Foundation for Preschoolers With Cystic Fibrosis.","_sameAs":"https://www.ncbi.nlm.nih.gov/pubmed/27009033","crossReferences":[{"@id":"https://pharmgkb.org/crossReference/pubMed/27009033","@context":"https://api.pharmgkb.org/jsonld/crossReference.jsonld","id":1449192792,"resource":"PubMed","resourceId":"27009033","_url":"https://www.ncbi.nlm.nih.gov/pubmed/27009033"},{"@id":"https://pharmgkb.org/crossReference/doi/10.1542/peds.2015-1784","@context":"https://api.pharmgkb.org/jsonld/crossReference.jsonld","id":1449192793,"resource":"DOI","resourceId":"10.1542/peds.2015-1784","_url":"http://dx.doi.org/10.1542%2Fpeds.2015-1784"}],"objCls":"Literature"}, {"@id":"https://pharmgkb.org/literature/15100544","@context":"https://api.pharmgkb.org/jsonld/literature.jsonld","id":15100544,"title":"Cystic fibrosis pulmonary guidelines. Chronic medications for maintenance of lung health.","_sameAs":"https://www.ncbi.nlm.nih.gov/pubmed/23540878","crossReferences":[{"@id":"https://pharmgkb.org/crossReference/pubMed/23540878","@context":"https://api.pharmgkb.org/jsonld/crossReference.jsonld","id":1449192789,"resource":"PubMed","resourceId":"23540878","_url":"https://www.ncbi.nlm.nih.gov/pubmed/23540878"}],"objCls":"Literature"} ],
    "pediatric" : false,
    "recommendation" : true,
    "relatedAlleles" : [ ],
    "relatedChemicals" : [ {
      "@id" : "https://pharmgkb.org/chemical/PA165950341",
      "@context" : "https://api.pharmgkb.org/jsonld/chemical.jsonld",
      "objCls" : "Chemical",
      "id" : "PA165950341",
      "name" : "ivacaftor",
      "version" : 5
    } ],
    "relatedGenes" : [ {
      "@id" : "https://pharmgkb.org/gene/PA109",
      "@context" : "https://api.pharmgkb.org/jsonld/gene.jsonld",
      "objCls" : "Gene",
      "id" : "PA109",
      "symbol" : "CFTR",
      "name" : "cystic fibrosis transmembrane conductance regulator",
      "version" : 18
    } ],
    "source" : "CFF",
    "summaryMarkdown" : {
      "id" : 1449192794,
      "html" : "<p>Ivacaftor is suggested for some cystic fibrosis patients with specific <em>CFTR</em> gating mutations, including the <a href=\"/variant/PA166157519\">R117H</a> or <a href=\"/variant/PA166157516\">G551D</a> variants.</p>\n<p>Note that the guideline also suggests that ivacaftor should not be used in patients with at least one R117H mutation who are aged under 6 years or aged 12-17 years and with ppFEV1 greater than 90% predicted.</p>\n",
      "version" : 0
    },
    "terms" : [ ],
    "textMarkdown" : {
      "id" : 1449192791,
      "html" : "<p>The <strong>Cystic Fibrosis Foundation</strong> (CFF) has released a number of guideines concerning the use of <a href=\"/chemical/PA165950341\">ivacaftor</a> in patients with <a href=\"/disease/PA443829\">Cystic Fibrosis</a>.</p>\n<h4 id=\"2018-guidelines\">2018 guidelines</h4>\n<p>The CFF guideline regarding transmembrane conductance regulator modulator therapy in cystic fibrosis patients contains suggestions regarding the use of ivacaftor in cystic fibrosis patients with gating mutations:</p>\n<blockquote class=\"blockquote\">\n<p>For adults and children aged 6 years and older with CF due to gating mutations other than G551D or R117H, the guideline panel made a conditional recommendation for treatment with IVA (ivacaftor).</p>\n</blockquote>\n<blockquote class=\"blockquote\">\n<p>For those with the R117H mutation, the guideline panel made a conditional recommendation for treatment with IVA for 1) adults aged 18 years or older, and 2) children aged 6–17 years with a forced expiratory volume in 1 second (FEV<sub>1</sub>) less than 90% predicted.</p>\n</blockquote>\n<blockquote class=\"blockquote\">\n<p>For those with the R117H mutation, the guideline panel made a conditional recommendation against treatment with IVA for 1) children aged 12–17 years with an FEV<sub>1</sub> greater than 90% predicted, and 2) children less than 6 years of age.</p>\n</blockquote>\n<p>excerpted from <em>Cystic Fibrosis Foundation Pulmonary Guidelines. Use of Cystic Fibrosis Transmembrane Conductance Regulator Modulator Therapy in Patients with Cystic Fibrosis.</em> [Article:<a href=\"/pmid/29342367\">29342367</a>].</p>\n<p>The guideline also recommends following the 2013 CFF guideline for ivacaftor treatment in cystic fibrosis patients with at least one copy of the G551D mutation [Article:<a href=\"/pmid/23540878\">23540878</a>] and the 2016 CFF guideline for ivacaftor treatment in patients aged 2-5 years with certain <em>CFTR</em> gating mutations [Article:<a href=\"/pmid/27009033\">27009033</a>]. Excerpts from both of these guidelines are shown below.</p>\n<p>For detailed suggestions based on a patient's age and ppFEV<sub>1</sub> status, and information regarding the strength of these suggestions, please consult the guideline itself [Article:<a href=\"/pmid/29342367\">29342367</a>].</p>\n<h4 id=\"2016-guidelines-for-preschoolers\">2016 guidelines for preschoolers</h4>\n<p>The 2016 guidelines for preschoolers with cystic fibrosis include the following statement regarding the use of ivacaftor in children aged 2-5 years with a diagnosis of cystic fibrosis caused by certain <em>CFTR</em> gating mutations:</p>\n<blockquote class=\"blockquote\">\n<p>For children with CF, ages 2 through 5 y, the Preschool Guidelines Committee recommends the routine use of ivacaftor in those with specific gating mutations* and a consideration for those with a confirmed diagnosis of CF and a R117H mutation.</p>\n</blockquote>\n<blockquote class=\"blockquote\">\n<p>*The mutations are G551D, G1244E, G1349D, G178R, G551S, S1251N, S1255P, S549N, and S549R.</p>\n</blockquote>\n<p>excerpted from <em>Clinical Practice Guidelines From the Cystic Fibrosis Foundation for Preschoolers With Cystic Fibrosis</em> [Article:<a href=\"/pmid/27009033\">27009033</a>]</p>\n<h4 id=\"2013-guidelines\">2013 guidelines</h4>\n<p>The 2013 guidelines from the Pulmonary Clinical Practice Guidelines Committee of the <strong>Cystic Fibrosis Foundation</strong> include the following statement regarding the use of ivacaftor in cystic fibrosis patients with at least one <em>CFTR</em> G551D mutation:</p>\n<blockquote class=\"blockquote\">\n<p>For individuals with CF, 6 years of age and older, with at least one G551D CFTR mutation, the Pulmonary Clinical Practice Guidelines Committee strongly recommends the chronic use of ivacaftor to improve lung function and quality of life and reduce exacerbations.</p>\n</blockquote>\n<p>excerpted from <em>Cystic fibrosis pulmonary guidelines. Chronic medications for maintenance of lung health.</em> [Article:<a href=\"/pmid/23540878\">23540878</a>]</p>\n",
      "version" : 0
    },
    "userId" : "rachel",
    "version" : 1
  }
}