{
  "citations" : [ {
    "@id" : "https://pharmgkb.org/literature/15128762",
    "@context" : "https://api.pharmgkb.org/jsonld/literature.jsonld",
    "id" : 15128762,
    "title" : "The Clinical Pharmacogenetics Implementation Consortium (CPIC) guideline for SLCO1B1, ABCG2, and CYP2C9 and statin-associated musculoskeletal symptoms.",
    "_sameAs" : "https://www.ncbi.nlm.nih.gov/pubmed/35152405",
    "authors" : [ "Cooper-DeHoff Rhonda M", "Niemi Mikko", "Ramsey Laura B", "Luzum Jasmine A", "Tarkiainen E Katriina", "Straka Robert J", "Gong Li", "Tuteja Sony", "Wilke Russell A", "Wadelius Mia", "Larson Eric A", "Roden Dan M", "Klein Teri E", "Yee Sook Wah", "Krauss Ronald M", "Turner Richard M", "Palaniappan Latha", "Gaedigk Andrea", "Giacomini Kathleen M", "Caudle Kelly E", "Voora Deepak" ],
    "crossReferences" : [ {
      "@id" : "https://pharmgkb.org/crossReference/pubMed/35152405",
      "@context" : "https://api.pharmgkb.org/jsonld/crossReference.jsonld",
      "id" : 1451681580,
      "resource" : "PubMed",
      "resourceId" : "35152405",
      "_url" : "https://www.ncbi.nlm.nih.gov/pubmed/35152405",
      "version" : 0
    }, {
      "@id" : "https://pharmgkb.org/crossReference/doi/10.1002/cpt.2557",
      "@context" : "https://api.pharmgkb.org/jsonld/crossReference.jsonld",
      "id" : 1451681581,
      "resource" : "DOI",
      "resourceId" : "10.1002/cpt.2557",
      "_url" : "http://dx.doi.org/10.1002%2Fcpt.2557",
      "version" : 0
    } ],
    "hasKeyword" : true,
    "journal" : "Clinical pharmacology and therapeutics",
    "meshDiseases" : [ ],
    "meshTerms" : [ ],
    "month" : 2,
    "nonHuman" : false,
    "objCls" : "Literature",
    "pediatric" : false,
    "pgkbPublication" : true,
    "pubDate" : "2022-02-01T00:00:00-08:00",
    "summary" : "Statins reduce cholesterol, prevent cardiovascular disease, and are among the most commonly prescribed medications in the world. Statin-associated musculoskeletal symptoms (SAMS) impact statin adherence and ultimately can impede the long-term effectiveness of statin therapy. There are several identified pharmacogenetic variants that impact statin disposition and adverse events during statin therapy. SLCO1B1 encodes a transporter (SLCO1B1; alternative names include OATP1B1 or OATP-C) that facilitates the hepatic uptake of all statins. ABCG2 encodes an efflux transporter (BCRP) that modulates the absorption and disposition of rosuvastatin. CYP2C9 encodes a Phase-I drug metabolizing enzyme responsible for the oxidation of some statins. Genetic variation in each of these genes alters systemic exposure to statins (i.e., simvastatin, rosuvastatin, pravastatin, pitavastatin, atorvastatin, fluvastatin, lovastatin), which can increase the risk for SAMS. We summarize the literature supporting these associations and provide therapeutic recommendations for statins based on SLCO1B1, ABCG2, and CYP2C9 genotype with the goal of improving the overall safety, adherence and effectiveness of statin therapy. This document replaces the 2012 and 2014 Clinical Pharmacogenetics Implementation Consortium (CPIC) guidelines for SLCO1B1 and simvastatin-induced myopathy.",
    "version" : 1,
    "year" : 2022
  } ],
  "guideline" : {
    "@id" : "https://pharmgkb.org/guidelineAnnotation/PA166262261",
    "@context" : "https://api.pharmgkb.org/jsonld/guidelineAnnotation.jsonld",
    "objCls" : "Guideline Annotation",
    "id" : "PA166262261",
    "name" : "Annotation of CPIC Guideline for pitavastatin and SLCO1B1",
    "cancerGenome" : false,
    "crossReferences" : [ {
      "@id" : "https://pharmgkb.org/crossReference/url/https://cpicpgx.org/guidelines/cpic-guideline-for-statins/",
      "@context" : "https://api.pharmgkb.org/jsonld/crossReference.jsonld",
      "id" : 1451668356,
      "resource" : "URL",
      "resourceId" : "https://cpicpgx.org/guidelines/cpic-guideline-for-statins/",
      "_url" : "https://cpicpgx.org/guidelines/cpic-guideline-for-statins/",
      "version" : 0
    } ],
    "descriptiveVideoId" : "SN3SiKDcoS8",
    "guidelineGenes" : [ ],
    "history" : [ {
      "id" : 1451687105,
      "date" : "2022-02-17T11:01:20.478-08:00",
      "description" : "CPIC statins 2022 update",
      "type" : "Note",
      "version" : 0
    }, {
      "id" : 1451693924,
      "date" : "2022-02-23T12:23:43.413-08:00",
      "description" : "Added video",
      "type" : "Update",
      "version" : 0
    } ],
    "literature" : [ {"@id":"https://pharmgkb.org/literature/15128762","@context":"https://api.pharmgkb.org/jsonld/literature.jsonld","id":15128762,"title":"The Clinical Pharmacogenetics Implementation Consortium (CPIC) guideline for SLCO1B1, ABCG2, and CYP2C9 and statin-associated musculoskeletal symptoms.","_sameAs":"https://www.ncbi.nlm.nih.gov/pubmed/35152405","crossReferences":[{"@id":"https://pharmgkb.org/crossReference/pubMed/35152405","@context":"https://api.pharmgkb.org/jsonld/crossReference.jsonld","id":1451681580,"resource":"PubMed","resourceId":"35152405","_url":"https://www.ncbi.nlm.nih.gov/pubmed/35152405"},{"@id":"https://pharmgkb.org/crossReference/doi/10.1002/cpt.2557","@context":"https://api.pharmgkb.org/jsonld/crossReference.jsonld","id":1451681581,"resource":"DOI","resourceId":"10.1002/cpt.2557","_url":"http://dx.doi.org/10.1002%2Fcpt.2557"}],"objCls":"Literature"} ],
    "pediatric" : true,
    "pediatricContext" : {
      "id" : 1451668802,
      "html" : "<p>Excerpts from the guideline:</p>\n<blockquote class=\"blockquote\">\n<p>&quot;At the time of this writing, there are no data available regarding SLCO1B1 genotype effects on statin response or myopathy in pediatric patients.  However, pharmacokinetic data show that the rs4149056 SNV in SLCO1B1 may affect the disposition of simvastatin more in children compared to adults, and the variant has equivalent impact on pravastatin and rosuvastatin pharmacokinetics between children and adults&quot;</p>\n</blockquote>\n",
      "version" : 0
    },
    "recommendation" : true,
    "relatedAlleles" : [ {
      "@id" : "https://pharmgkb.org/variant/PA166154579",
      "@context" : "https://api.pharmgkb.org/jsonld/variant.jsonld",
      "objCls" : "Variant",
      "id" : "PA166154579",
      "symbol" : "rs4149056",
      "name" : "rs4149056",
      "version" : 5
    }, {
      "@id" : "https://pharmgkb.org/haplotype/PA165819265",
      "@context" : "https://api.pharmgkb.org/jsonld/haplotype.jsonld",
      "objCls" : "Haplotype",
      "id" : "PA165819265",
      "symbol" : "SLCO1B1*15",
      "name" : "*15",
      "version" : 22
    }, {
      "@id" : "https://pharmgkb.org/haplotype/PA165819255",
      "@context" : "https://api.pharmgkb.org/jsonld/haplotype.jsonld",
      "objCls" : "Haplotype",
      "id" : "PA165819255",
      "symbol" : "SLCO1B1*5",
      "name" : "*5",
      "version" : 22
    } ],
    "relatedChemicals" : [ {
      "@id" : "https://pharmgkb.org/chemical/PA142650384",
      "@context" : "https://api.pharmgkb.org/jsonld/chemical.jsonld",
      "objCls" : "Chemical",
      "id" : "PA142650384",
      "name" : "pitavastatin",
      "version" : 3
    } ],
    "relatedGenes" : [ {
      "@id" : "https://pharmgkb.org/gene/PA134865839",
      "@context" : "https://api.pharmgkb.org/jsonld/gene.jsonld",
      "objCls" : "Gene",
      "id" : "PA134865839",
      "symbol" : "SLCO1B1",
      "name" : "solute carrier organic anion transporter family member 1B1",
      "version" : 49
    } ],
    "source" : "CPIC",
    "summaryMarkdown" : {
      "id" : 1451668800,
      "html" : "<p>Prescribe ≤1mg as a starting dose for patients with SLCO1B1 poor function phenotype. Prescribe ≤2mg as a starting dose for patients with SLCO1B1 decreased or possible decreased phenotype. Adjust doses of pitavastatin based on disease-specific guidelines. Consider an alternative statin or combination therapy if higher doses are needed.</p>\n",
      "version" : 0
    },
    "terms" : [ ],
    "textMarkdown" : {
      "id" : 1451668801,
      "html" : "<p>This annotation is based on the <a rel=\"noopener noreferrer\" href=\"https://cpicpgx.org/guidelines/cpic-guideline-for-statins/\" target=\"_blank\">CPIC&reg; guideline for SLCO1B1, ABCG2, and CYP2C9 and statin-associated musculoskeletal symptoms</a>.</p>\n<h3 id=\"feburary-2022\">Feburary 2022</h3>\n<ul>\n<li>\n<p>The <a rel=\"noopener noreferrer\" href=\"https://files.cpicpgx.org/data/guideline/publication/statins/2022/publication.pdf\" target=\"_blank\">CPIC guideline for SLCO1B1, ABCG2, and CYP2C9 and statin-associated musculoskeletal symptoms</a>, has been published in Clinical Pharmacology and Therapeutics. CPIC authors summarize literature supporting how SLCO1B1, ABCG2, and CYP2C9 genotype test results should be applied to optimize new or existing statin therapy to reduce the risk of statin-associated musculoskeletal symptoms (SAMS). The current document replaces the original 2012 guideline and the 2014 update for SLCO1B1 and simvastatin. New to this guideline are the addition of recommendations for CYP2C9 and ABCG2 and addition of recommendations for all statins.</p>\n</li>\n<li>\n<p>This guideline is applicable to:</p>\n<ul>\n<li>adult patients</li>\n<li>pediatric patients</li>\n</ul>\n</li>\n<li>\n<p>Excerpt from the 2022 statin dosing guideline:</p>\n<ul>\n<li>\n<p>&quot;SLCO1B1 facilitates the hepatic uptake of statins, as well as other exogenous and endogenous compounds (e.g., bilirubin and 17-beta-glucuronosyl estradiol).  Decreased function of this transporter (inherited through genetic variability or acquired through drug-mediated inhibition) can markedly increase the systemic exposure to statins, the putative causal factor underlying the link to SAMS. The SLCO1B1 gene locus occupies 109 kb on chromosome 12 (Chr 12p12.2) and, although many single nucleotide variants (SNVs) have been identified in this gene, only a few are known to have a clinically relevant functional impact (SLCO1B1 Allele Definition and Functionality Tables)&quot;.</p>\n</li>\n<li>\n<p>&quot;The most common and well-studied variant in SLCO1B1 is c.521T&gt;C (rs4149056), and can be genotyped alone (e.g., PCR-based single SNV assay) or multiplexed on a variety of array-based platforms. All SLCO1B1 genetic tests should interrogate c.521T&gt;C; however, while other less common variants in this gene may have limited evidence to guide action, they may also be important&quot;.</p>\n</li>\n</ul>\n</li>\n<li>\n<p>Download and read:</p>\n<ul>\n<li><a rel=\"noopener noreferrer\" href=\"https://files.cpicpgx.org/data/guideline/publication/statins/2022/publication.pdf\" target=\"_blank\">The Clinical Pharmacogenetics Implementation Consortium (CPIC) guideline for SLCO1B1, ABCG2, and CYP2C9 and statin-associated musculoskeletal symptoms</a></li>\n<li><a rel=\"noopener noreferrer\" href=\"https://files.cpicpgx.org/data/guideline/publication/statins/2022/supplement.pdf\" target=\"_blank\">2022 supplement</a></li>\n<li><a href=\"/page/slco1b1RefMaterials\">Gene-specific Information Tables for SLCO1B1</a></li>\n<li><a href=\"https://api.pharmgkb.org/v1/preview/download/file/attachment/pitavastatin-Drug_Resource_Mappings.xlsx\">Pitavastatin Drug Resource Mappings</a></li>\n<li><a href=\"https://api.pharmgkb.org/v1/preview/download/file/attachment/Pitavastatin_Pre_and_Post_Test_Alerts.xlsx\">Pitavastatin Pre and Post Test Alerts</a></li>\n<li><a rel=\"noopener noreferrer\" href=\"https://files.cpicpgx.org/images/flow_chart/Pitavastatin_CDS_Flow_Chart.jpg\" target=\"_blank\">Pitavastatin CDS Flow Chart</a></li>\n</ul>\n</li>\n</ul>\n<h3 id=\"table-1-recommended-dosing-of-pitavastatin-based-on-slco1b1-phenotype\">Table 1: Recommended dosing of pitavastatin based on SLCO1B1 phenotype</h3>\n<p><em>Adapted from Table 1 and 2 of the 2022 guideline update manuscript.</em></p>\n<table class=\"table\">\n<thead>\n<tr>\n<th>Phenotype</th>\n<th>Genotype</th>\n<th>Examples of diplotypes <sup>a</sup></th>\n<th>Implications for simvastatin</th>\n<th>Dosing recommendations for simvastatin <sup>b,c</sup></th>\n<th>Classification of recommendations <sup>d</sup></th>\n</tr>\n</thead>\n<tbody>\n<tr>\n<td>Normal function</td>\n<td>An individual carrying two normal function alleles or one normal plus one increased function allele</td>\n<td>*1/*1, *1/*14</td>\n<td>Typical myopathy risk and statin exposure</td>\n<td>Prescribe desired starting dose and adjust doses based on disease-specific guidelines.</td>\n<td>Strong</td>\n</tr>\n<tr>\n<td>Increased function</td>\n<td>An individual carrying two increased function alleles</td>\n<td>*14/*14</td>\n<td>Typical myopathy risk and statin exposure</td>\n<td>Prescribe desired starting dose and adjust doses based on disease-specific guidelines.</td>\n<td>Strong</td>\n</tr>\n<tr>\n<td>Decreased function</td>\n<td>An individual carrying one normal or increased function allele plus one no function allele</td>\n<td>*1/*5, *1/*15</td>\n<td>Increased pitavastatin exposure as compared to normal function which may translate to increased myopathy risk</td>\n<td>Prescribe ≤ 2mg as a starting dose and adjust doses of pitavastatin based on disease-specific guidelines. Prescriber should be aware of possible increased risk for myopathy especially for doses &gt;1mg.  If dose &gt;2mg needed for desired efficacy, consider an alternative statin (see Figure 1 for recommendations for alternative statins) or combination therapy (i.e. pitavastatin plus non-statin guideline directed medical therapy).</td>\n<td>Moderate</td>\n</tr>\n<tr>\n<td>Possible decreased function</td>\n<td>An individual carrying one no function allele plus one uncertain/unknown function allele</td>\n<td>*5/*6, *15/*10, *5/*43</td>\n<td>Increased pitavastatin exposure as compared to normal function which may translate to increased myopathy risk</td>\n<td>Prescribe ≤ 2mg as a starting dose and adjust doses of pitavastatin based on disease-specific guidelines. Prescriber should be aware of possible increased risk for myopathy especially for doses &gt;1mg.  If dose &gt;2mg needed for desired efficacy, consider an alternative statin (see Figure 1 for recommendations for alternative statins) or combination therapy (i.e. pitavastatin plus non-statin guideline directed medical therapy).</td>\n<td>Moderate</td>\n</tr>\n<tr>\n<td>Poor function</td>\n<td>An individual carrying two no function alleles</td>\n<td>*5/*5, *5/*15, *15/*15</td>\n<td>Increased pitavastatin exposure as compared to normal and decreased function which may translate to increased myopathy risk.</td>\n<td>Prescribe ≤1mg as a starting dose and adjust doses of pitavastatin based on disease-specific guidelines. If dose &gt;1mg needed for desired efficacy, consider an alternative statin (see Figure 1 for recommendations for alternative statins) or combination therapy (i.e. pitavastatin plus non-statin guideline directed medical therapy)(3).</td>\n<td>Moderate</td>\n</tr>\n<tr>\n<td>Indeterminate</td>\n<td>An individual carrying one normal function allele plus one uncertain or unknown function allele OR  allele combinations with uncertain and/or unknown function alleles</td>\n<td>*1/*7, *1/*10, *7/*10</td>\n<td>n/a</td>\n<td>No recommendation.</td>\n<td>No recommendation.</td>\n</tr>\n</tbody>\n</table>\n<h3 id=\"figure-1-slco1b1-recommendations-with-intensity-and-statin-dose-stratified-by-slco1b1-phenotype-all-doses-assume-adult-dosing\">Figure 1 : SLCO1B1 recommendations with intensity and statin dose stratified by SLCO1B1 phenotype; all doses assume adult dosing.</h3>\n<p><em>Adapted from Figure 1 of the 2022 guideline manuscript</em></p>\n<p><img src=\"https://s3.pgkb.org/attachment/CPIC_statin_guideline_figure_1.png\" alt=\"Fig1\" /></p>\n<ul>\n<li>&quot;Therapeutic recommendations: SLCO1B1. The American College of Cardiology and the American Heart Association issued an updated clinical practice guideline for the management of blood cholesterol in 2018. In those guidelines, statins at various daily doses are classified as high-, medium- or low-intensity statins based on expected ranges of LDL-cholesterol lowering. For example, they recommend initiation of high-intensity statins in patients with evidence of clinical atherosclerotic cardiovascular disease (ASCVD) which may include atorvastatin at 40 or 80 mg once daily or rosuvastatin at 20 or 40 mg once daily.   Figure 1 is designed to be used in conjunction with the aforementioned guideline, as it provides statin recommendations, including preferred statin intensity and statin dose, stratified by SLCO1B1 phenotype (i.e., decreased or poor function). Statin and statin doses indicated in the light grey boxes can be prescribed with the lowest risk for SAMS. Statin and statin doses indicated in dark grey boxes should be used with caution (possible increased risk for SAMS) and statin and statin doses indicated in black boxes should be avoided as the available evidence suggests that they are associated with increased risk of harm. The recommendations are based on the combination of available pharmacokinetic and SAMS-risk data, in most cases, and are informed by the number of available statin options within each intensity.&quot;</li>\n</ul>\n",
      "version" : 0
    },
    "userId" : "lgong",
    "version" : 3
  }
}