{
  "citations" : [ {
    "@id" : "https://pharmgkb.org/literature/7283333",
    "@context" : "https://api.pharmgkb.org/jsonld/literature.jsonld",
    "id" : 7283333,
    "title" : "Pharmacogenetics: from bench to byte--an update of guidelines.",
    "_sameAs" : "https://www.ncbi.nlm.nih.gov/pubmed/21412232",
    "authors" : [ "Swen J J", "Nijenhuis M", "de Boer A", "Grandia L", "Maitland-van der Zee A H", "Mulder H", "Rongen G A P J M", "van Schaik R H N", "Schalekamp T", "Touw D J", "van der Weide J", "Wilffert B", "Deneer V H M", "Guchelaar H-J" ],
    "crossReferences" : [ {
      "@id" : "https://pharmgkb.org/crossReference/pubMed/21412232",
      "@context" : "https://api.pharmgkb.org/jsonld/crossReference.jsonld",
      "id" : 769250885,
      "resource" : "PubMed",
      "resourceId" : "21412232",
      "_url" : "https://www.ncbi.nlm.nih.gov/pubmed/21412232",
      "version" : 0
    }, {
      "@id" : "https://pharmgkb.org/crossReference/doi/10.1038/clpt.2011.34",
      "@context" : "https://api.pharmgkb.org/jsonld/crossReference.jsonld",
      "id" : 1449247827,
      "resource" : "DOI",
      "resourceId" : "10.1038/clpt.2011.34",
      "_url" : "http://dx.doi.org/10.1038%2Fclpt.2011.34",
      "version" : 0
    } ],
    "hasKeyword" : true,
    "journal" : "Clinical pharmacology and therapeutics",
    "meshDiseases" : [ ],
    "meshTerms" : [ "Animals", "Aryl Hydrocarbon Hydroxylases", "Cytochrome P-450 CYP2C9", "Drug Administration Schedule", "Drug-Related Side Effects and Adverse Reactions", "Humans", "Pharmaceutical Preparations", "Pharmacogenetics", "Practice Guidelines as Topic" ],
    "month" : 5,
    "nonHuman" : false,
    "objCls" : "Literature",
    "page" : "662-73",
    "pediatric" : false,
    "pgkbPublication" : false,
    "pubDate" : "2011-05-01T00:00:00-07:00",
    "summary" : "Currently, there are very few guidelines linking the results of pharmacogenetic tests to specific therapeutic recommendations. Therefore, the Royal Dutch Association for the Advancement of Pharmacy established the Pharmacogenetics Working Group with the objective of developing pharmacogenetics-based therapeutic (dose) recommendations. After systematic review of the literature, recommendations were developed for 53 drugs associated with genes coding for CYP2D6, CYP2C19, CYP2C9, thiopurine-S-methyltransferase (TPMT), dihydropyrimidine dehydrogenase (DPD), vitamin K epoxide reductase (VKORC1), uridine diphosphate glucuronosyltransferase 1A1 (UGT1A1), HLA-B44, HLA-B*5701, CYP3A5, and factor V Leiden (FVL).",
    "version" : 2,
    "volume" : "89",
    "year" : 2011
  } ],
  "guideline" : {
    "@id" : "https://pharmgkb.org/guidelineAnnotation/PA166104958",
    "@context" : "https://api.pharmgkb.org/jsonld/guidelineAnnotation.jsonld",
    "objCls" : "Guideline Annotation",
    "id" : "PA166104958",
    "name" : "Annotation of DPWG Guideline for pantoprazole and CYP2C19",
    "cancerGenome" : false,
    "crossReferences" : [ ],
    "guidelineGenes" : [ {
      "id" : 1451422280,
      "alleles" : [ {
        "id" : 1451422281,
        "_label" : "*1",
        "function" : {
          "@id" : "https://pharmgkb.org/ontologyTerm/alleleFunction/haplotypeTags:1445558335",
          "@context" : "https://api.pharmgkb.org/jsonld/ontologyTerm.jsonld",
          "id" : 1445558335,
          "parents" : [ ],
          "resource" : "Allele Function",
          "term" : "Normal function",
          "termId" : "haplotypeTags:1445558335",
          "version" : 1
        },
        "haplotype" : {
          "@id" : "https://pharmgkb.org/haplotype/PA165980634",
          "@context" : "https://api.pharmgkb.org/jsonld/haplotype.jsonld",
          "objCls" : "Haplotype",
          "id" : "PA165980634",
          "symbol" : "CYP2C19*1",
          "name" : "*1",
          "version" : 24
        },
        "version" : 0
      }, {
        "id" : 1451422282,
        "_label" : "*2",
        "function" : {
          "@id" : "https://pharmgkb.org/ontologyTerm/alleleFunction/haplotypeTags:1445558515",
          "@context" : "https://api.pharmgkb.org/jsonld/ontologyTerm.jsonld",
          "id" : 1445558515,
          "parents" : [ ],
          "resource" : "Allele Function",
          "term" : "No function",
          "termId" : "haplotypeTags:1445558515",
          "version" : 1
        },
        "haplotype" : {
          "@id" : "https://pharmgkb.org/haplotype/PA165980635",
          "@context" : "https://api.pharmgkb.org/jsonld/haplotype.jsonld",
          "objCls" : "Haplotype",
          "id" : "PA165980635",
          "symbol" : "CYP2C19*2",
          "name" : "*2",
          "version" : 24
        },
        "version" : 0
      }, {
        "id" : 1451422283,
        "_label" : "*3",
        "function" : {
          "@id" : "https://pharmgkb.org/ontologyTerm/alleleFunction/haplotypeTags:1445558515",
          "@context" : "https://api.pharmgkb.org/jsonld/ontologyTerm.jsonld",
          "id" : 1445558515,
          "parents" : [ ],
          "resource" : "Allele Function",
          "term" : "No function",
          "termId" : "haplotypeTags:1445558515",
          "version" : 1
        },
        "haplotype" : {
          "@id" : "https://pharmgkb.org/haplotype/PA165980636",
          "@context" : "https://api.pharmgkb.org/jsonld/haplotype.jsonld",
          "objCls" : "Haplotype",
          "id" : "PA165980636",
          "symbol" : "CYP2C19*3",
          "name" : "*3",
          "version" : 24
        },
        "version" : 0
      }, {
        "id" : 1451422284,
        "_label" : "*4",
        "function" : {
          "@id" : "https://pharmgkb.org/ontologyTerm/alleleFunction/haplotypeTags:1445558515",
          "@context" : "https://api.pharmgkb.org/jsonld/ontologyTerm.jsonld",
          "id" : 1445558515,
          "parents" : [ ],
          "resource" : "Allele Function",
          "term" : "No function",
          "termId" : "haplotypeTags:1445558515",
          "version" : 1
        },
        "haplotype" : {
          "@id" : "https://pharmgkb.org/haplotype/PA165980637",
          "@context" : "https://api.pharmgkb.org/jsonld/haplotype.jsonld",
          "objCls" : "Haplotype",
          "id" : "PA165980637",
          "symbol" : "CYP2C19*4",
          "name" : "*4",
          "version" : 24
        },
        "version" : 0
      }, {
        "id" : 1451422285,
        "_label" : "*5",
        "function" : {
          "@id" : "https://pharmgkb.org/ontologyTerm/alleleFunction/haplotypeTags:1445558515",
          "@context" : "https://api.pharmgkb.org/jsonld/ontologyTerm.jsonld",
          "id" : 1445558515,
          "parents" : [ ],
          "resource" : "Allele Function",
          "term" : "No function",
          "termId" : "haplotypeTags:1445558515",
          "version" : 1
        },
        "haplotype" : {
          "@id" : "https://pharmgkb.org/haplotype/PA165980638",
          "@context" : "https://api.pharmgkb.org/jsonld/haplotype.jsonld",
          "objCls" : "Haplotype",
          "id" : "PA165980638",
          "symbol" : "CYP2C19*5",
          "name" : "*5",
          "version" : 24
        },
        "version" : 0
      }, {
        "id" : 1451422286,
        "_label" : "*6",
        "function" : {
          "@id" : "https://pharmgkb.org/ontologyTerm/alleleFunction/haplotypeTags:1445558515",
          "@context" : "https://api.pharmgkb.org/jsonld/ontologyTerm.jsonld",
          "id" : 1445558515,
          "parents" : [ ],
          "resource" : "Allele Function",
          "term" : "No function",
          "termId" : "haplotypeTags:1445558515",
          "version" : 1
        },
        "haplotype" : {
          "@id" : "https://pharmgkb.org/haplotype/PA165816522",
          "@context" : "https://api.pharmgkb.org/jsonld/haplotype.jsonld",
          "objCls" : "Haplotype",
          "id" : "PA165816522",
          "symbol" : "CYP2C19*6",
          "name" : "*6",
          "version" : 26
        },
        "version" : 0
      }, {
        "id" : 1451422287,
        "_label" : "*7",
        "function" : {
          "@id" : "https://pharmgkb.org/ontologyTerm/alleleFunction/haplotypeTags:1445558515",
          "@context" : "https://api.pharmgkb.org/jsonld/ontologyTerm.jsonld",
          "id" : 1445558515,
          "parents" : [ ],
          "resource" : "Allele Function",
          "term" : "No function",
          "termId" : "haplotypeTags:1445558515",
          "version" : 1
        },
        "haplotype" : {
          "@id" : "https://pharmgkb.org/haplotype/PA165816523",
          "@context" : "https://api.pharmgkb.org/jsonld/haplotype.jsonld",
          "objCls" : "Haplotype",
          "id" : "PA165816523",
          "symbol" : "CYP2C19*7",
          "name" : "*7",
          "version" : 26
        },
        "version" : 0
      }, {
        "id" : 1451422288,
        "_label" : "*8",
        "function" : {
          "@id" : "https://pharmgkb.org/ontologyTerm/alleleFunction/haplotypeTags:1445558515",
          "@context" : "https://api.pharmgkb.org/jsonld/ontologyTerm.jsonld",
          "id" : 1445558515,
          "parents" : [ ],
          "resource" : "Allele Function",
          "term" : "No function",
          "termId" : "haplotypeTags:1445558515",
          "version" : 1
        },
        "haplotype" : {
          "@id" : "https://pharmgkb.org/haplotype/PA165816524",
          "@context" : "https://api.pharmgkb.org/jsonld/haplotype.jsonld",
          "objCls" : "Haplotype",
          "id" : "PA165816524",
          "symbol" : "CYP2C19*8",
          "name" : "*8",
          "version" : 26
        },
        "version" : 0
      }, {
        "id" : 1451422289,
        "_label" : "*9",
        "function" : {
          "@id" : "https://pharmgkb.org/ontologyTerm/alleleFunction/haplotypeTags:1445558331",
          "@context" : "https://api.pharmgkb.org/jsonld/ontologyTerm.jsonld",
          "id" : 1445558331,
          "parents" : [ ],
          "resource" : "Allele Function",
          "term" : "Decreased function",
          "termId" : "haplotypeTags:1445558331",
          "version" : 1
        },
        "haplotype" : {
          "@id" : "https://pharmgkb.org/haplotype/PA165816525",
          "@context" : "https://api.pharmgkb.org/jsonld/haplotype.jsonld",
          "objCls" : "Haplotype",
          "id" : "PA165816525",
          "symbol" : "CYP2C19*9",
          "name" : "*9",
          "version" : 26
        },
        "version" : 0
      }, {
        "id" : 1451422290,
        "_label" : "*10",
        "function" : {
          "@id" : "https://pharmgkb.org/ontologyTerm/alleleFunction/haplotypeTags:1445558331",
          "@context" : "https://api.pharmgkb.org/jsonld/ontologyTerm.jsonld",
          "id" : 1445558331,
          "parents" : [ ],
          "resource" : "Allele Function",
          "term" : "Decreased function",
          "termId" : "haplotypeTags:1445558331",
          "version" : 1
        },
        "haplotype" : {
          "@id" : "https://pharmgkb.org/haplotype/PA165816526",
          "@context" : "https://api.pharmgkb.org/jsonld/haplotype.jsonld",
          "objCls" : "Haplotype",
          "id" : "PA165816526",
          "symbol" : "CYP2C19*10",
          "name" : "*10",
          "version" : 26
        },
        "version" : 0
      }, {
        "id" : 1451422291,
        "_label" : "*17",
        "function" : {
          "@id" : "https://pharmgkb.org/ontologyTerm/alleleFunction/haplotypeTags:1445558332",
          "@context" : "https://api.pharmgkb.org/jsonld/ontologyTerm.jsonld",
          "id" : 1445558332,
          "parents" : [ ],
          "resource" : "Allele Function",
          "term" : "Increased function",
          "termId" : "haplotypeTags:1445558332",
          "version" : 1
        },
        "haplotype" : {
          "@id" : "https://pharmgkb.org/haplotype/PA165816533",
          "@context" : "https://api.pharmgkb.org/jsonld/haplotype.jsonld",
          "objCls" : "Haplotype",
          "id" : "PA165816533",
          "symbol" : "CYP2C19*17",
          "name" : "*17",
          "version" : 28
        },
        "version" : 0
      } ],
      "gene" : {
        "@id" : "https://pharmgkb.org/gene/PA124",
        "@context" : "https://api.pharmgkb.org/jsonld/gene.jsonld",
        "objCls" : "Gene",
        "id" : "PA124",
        "symbol" : "CYP2C19",
        "name" : "cytochrome P450 family 2 subfamily C member 19",
        "alleleFile" : "CYP2C19_allele_definition_table.xlsx",
        "altNames" : {
          "synonym" : [ "cytochrome P450, family 2, subfamily C, polypeptide 19" ],
          "symbol" : [ "CPCJ", "CYP2C", "P450IIC19" ]
        },
        "buildVersion" : "GRCh38.p7",
        "cbStart" : "q23.33",
        "cbStop" : "q23.33",
        "chr" : {
          "@id" : "https://pharmgkb.org/chromosome/PA504",
          "@context" : "https://api.pharmgkb.org/jsonld/chromosome.jsonld",
          "objCls" : "Chromosome",
          "id" : "PA504",
          "name" : "chr10",
          "version" : 3
        },
        "chrStartPosB37" : 96522463,
        "chrStartPosB38" : 94762681,
        "chrStopPosB37" : 96612671,
        "chrStopPosB38" : 94853205,
        "cpicGene" : true,
        "crossReferences" : [ {
          "@id" : "https://pharmgkb.org/crossReference/alfred/LO008778E",
          "@context" : "https://api.pharmgkb.org/jsonld/crossReference.jsonld",
          "id" : 560556304,
          "resource" : "ALFRED",
          "resourceId" : "LO008778E",
          "_url" : "http://alfred.med.yale.edu/alfred/recordinfop.asp?UNID=LO008778E",
          "version" : 0
        }, {
          "@id" : "https://pharmgkb.org/crossReference/ctd/1557",
          "@context" : "https://api.pharmgkb.org/jsonld/crossReference.jsonld",
          "id" : 553242512,
          "resource" : "Comparative Toxicogenomics Database",
          "resourceId" : "1557",
          "_url" : "http://ctdbase.org/detail.go?type=gene&acc=1557",
          "version" : 0
        }, {
          "@id" : "https://pharmgkb.org/crossReference/ensembl/ENSG00000165841",
          "@context" : "https://api.pharmgkb.org/jsonld/crossReference.jsonld",
          "id" : 132256028,
          "resource" : "Ensembl",
          "resourceId" : "ENSG00000165841",
          "_url" : "http://www.ensembl.org/Homo_sapiens/Gene/Summary?g=ENSG00000165841",
          "version" : 0
        }, {
          "@id" : "https://pharmgkb.org/crossReference/genAtlas/CYP2C19",
          "@context" : "https://api.pharmgkb.org/jsonld/crossReference.jsonld",
          "id" : 73372,
          "resource" : "GenAtlas",
          "resourceId" : "CYP2C19",
          "_url" : "http://genatlas.medecine.univ-paris5.fr/fiche.php?symbol=CYP2C19",
          "version" : 1
        }, {
          "@id" : "https://pharmgkb.org/crossReference/geneCard/CYP2C19",
          "@context" : "https://api.pharmgkb.org/jsonld/crossReference.jsonld",
          "id" : 88300,
          "resource" : "GeneCard",
          "resourceId" : "CYP2C19",
          "_url" : "http://www.genecards.org/cgi-bin/carddisp.pl?gene=CYP2C19",
          "version" : 1
        }, {
          "@id" : "https://pharmgkb.org/crossReference/go/GO:0004497",
          "@context" : "https://api.pharmgkb.org/jsonld/crossReference.jsonld",
          "id" : 34580,
          "resource" : "GO",
          "resourceId" : "GO:0004497",
          "_url" : "http://amigo.geneontology.org/amigo/term/GO%3A0004497",
          "version" : 1
        }, {
          "@id" : "https://pharmgkb.org/crossReference/go/GO:0005506",
          "@context" : "https://api.pharmgkb.org/jsonld/crossReference.jsonld",
          "id" : 34969,
          "resource" : "GO",
          "resourceId" : "GO:0005506",
          "_url" : "http://amigo.geneontology.org/amigo/term/GO%3A0005506",
          "version" : 1
        }, {
          "@id" : "https://pharmgkb.org/crossReference/go/GO:0005783",
          "@context" : "https://api.pharmgkb.org/jsonld/crossReference.jsonld",
          "id" : 34654,
          "resource" : "GO",
          "resourceId" : "GO:0005783",
          "_url" : "http://amigo.geneontology.org/amigo/term/GO%3A0005783",
          "version" : 1
        }, {
          "@id" : "https://pharmgkb.org/crossReference/go/GO:0005792",
          "@context" : "https://api.pharmgkb.org/jsonld/crossReference.jsonld",
          "id" : 35016,
          "resource" : "GO",
          "resourceId" : "GO:0005792",
          "_url" : "http://amigo.geneontology.org/amigo/term/GO%3A0005792",
          "version" : 1
        }, {
          "@id" : "https://pharmgkb.org/crossReference/go/GO:0006118",
          "@context" : "https://api.pharmgkb.org/jsonld/crossReference.jsonld",
          "id" : 35063,
          "resource" : "GO",
          "resourceId" : "GO:0006118",
          "_url" : "http://amigo.geneontology.org/amigo/term/GO%3A0006118",
          "version" : 1
        }, {
          "@id" : "https://pharmgkb.org/crossReference/go/GO:0016020",
          "@context" : "https://api.pharmgkb.org/jsonld/crossReference.jsonld",
          "id" : 34795,
          "resource" : "GO",
          "resourceId" : "GO:0016020",
          "_url" : "http://amigo.geneontology.org/amigo/term/GO%3A0016020",
          "version" : 1
        }, {
          "@id" : "https://pharmgkb.org/crossReference/go/GO:0016712",
          "@context" : "https://api.pharmgkb.org/jsonld/crossReference.jsonld",
          "id" : 8676615,
          "resource" : "GO",
          "resourceId" : "GO:0016712",
          "_url" : "http://amigo.geneontology.org/amigo/term/GO%3A0016712",
          "version" : 1
        }, {
          "@id" : "https://pharmgkb.org/crossReference/go/GO:0018675",
          "@context" : "https://api.pharmgkb.org/jsonld/crossReference.jsonld",
          "id" : 130200545,
          "resource" : "GO",
          "resourceId" : "GO:0018675",
          "_url" : "http://amigo.geneontology.org/amigo/term/GO%3A0018675",
          "version" : 0
        }, {
          "@id" : "https://pharmgkb.org/crossReference/go/GO:0018676",
          "@context" : "https://api.pharmgkb.org/jsonld/crossReference.jsonld",
          "id" : 62330469,
          "resource" : "GO",
          "resourceId" : "GO:0018676",
          "_url" : "http://amigo.geneontology.org/amigo/term/GO%3A0018676",
          "version" : 0
        }, {
          "@id" : "https://pharmgkb.org/crossReference/go/GO:0019825",
          "@context" : "https://api.pharmgkb.org/jsonld/crossReference.jsonld",
          "id" : 62329726,
          "resource" : "GO",
          "resourceId" : "GO:0019825",
          "_url" : "http://amigo.geneontology.org/amigo/term/GO%3A0019825",
          "version" : 0
        }, {
          "@id" : "https://pharmgkb.org/crossReference/go/GO:0020037",
          "@context" : "https://api.pharmgkb.org/jsonld/crossReference.jsonld",
          "id" : 77774616,
          "resource" : "GO",
          "resourceId" : "GO:0020037",
          "_url" : "http://amigo.geneontology.org/amigo/term/GO%3A0020037",
          "version" : 0
        }, {
          "@id" : "https://pharmgkb.org/crossReference/go/GO:0046872",
          "@context" : "https://api.pharmgkb.org/jsonld/crossReference.jsonld",
          "id" : 746292,
          "resource" : "GO",
          "resourceId" : "GO:0046872",
          "_url" : "http://amigo.geneontology.org/amigo/term/GO%3A0046872",
          "version" : 1
        }, {
          "@id" : "https://pharmgkb.org/crossReference/hgnc/HGNC:2621",
          "@context" : "https://api.pharmgkb.org/jsonld/crossReference.jsonld",
          "id" : 608081307,
          "resource" : "HGNC",
          "resourceId" : "HGNC:2621",
          "_url" : "https://www.genenames.org/data/gene-symbol-report/#!/hgnc_id/HGNC%3A2621",
          "version" : 1
        }, {
          "@id" : "https://pharmgkb.org/crossReference/HumanCycGene/HS09293",
          "@context" : "https://api.pharmgkb.org/jsonld/crossReference.jsonld",
          "id" : 608081309,
          "resource" : "HumanCyc Gene",
          "resourceId" : "HS09293",
          "_url" : "http://biocyc.org/HUMAN/NEW-IMAGE?object=HS09293",
          "version" : 0
        }, {
          "@id" : "https://pharmgkb.org/crossReference/modBase/P33261",
          "@context" : "https://api.pharmgkb.org/jsonld/crossReference.jsonld",
          "id" : 560874113,
          "resource" : "ModBase",
          "resourceId" : "P33261",
          "_url" : "http://salilab.org/modbase/search?modelflag=longest&databaseID=P33261",
          "version" : 0
        }, {
          "@id" : "https://pharmgkb.org/crossReference/mutDb/CYP2C19",
          "@context" : "https://api.pharmgkb.org/jsonld/crossReference.jsonld",
          "id" : 455910,
          "resource" : "MutDB",
          "resourceId" : "CYP2C19",
          "_url" : "http://www.mutdb.org/genes/search?_method=POST&data%5BSearch%5D%5Bidentifier%5D=CYP2C19",
          "version" : 1
        }, {
          "@id" : "https://pharmgkb.org/crossReference/entrezGene/1557",
          "@context" : "https://api.pharmgkb.org/jsonld/crossReference.jsonld",
          "id" : 10744,
          "resource" : "NCBI Gene",
          "resourceId" : "1557",
          "_url" : "https://www.ncbi.nlm.nih.gov/gene/1557",
          "version" : 1
        }, {
          "@id" : "https://pharmgkb.org/crossReference/omim/124020",
          "@context" : "https://api.pharmgkb.org/jsonld/crossReference.jsonld",
          "id" : 716,
          "resource" : "OMIM",
          "resourceId" : "124020",
          "_url" : "http://omim.org/entry/124020",
          "version" : 1
        }, {
          "@id" : "https://pharmgkb.org/crossReference/omim/609535",
          "@context" : "https://api.pharmgkb.org/jsonld/crossReference.jsonld",
          "id" : 560556306,
          "resource" : "OMIM",
          "resourceId" : "609535",
          "_url" : "http://omim.org/entry/609535",
          "version" : 0
        }, {
          "@id" : "https://pharmgkb.org/crossReference/pharmVarGene/CYP2C19",
          "@context" : "https://api.pharmgkb.org/jsonld/crossReference.jsonld",
          "id" : 1451280335,
          "resource" : "PharmVar Gene",
          "resourceId" : "CYP2C19",
          "_url" : "https://www.pharmvar.org/gene/CYP2C19",
          "version" : 0
        }, {
          "@id" : "https://pharmgkb.org/crossReference/refSeqDna/NG_008384",
          "@context" : "https://api.pharmgkb.org/jsonld/crossReference.jsonld",
          "id" : 560556305,
          "resource" : "RefSeq DNA",
          "resourceId" : "NG_008384",
          "_url" : "https://www.ncbi.nlm.nih.gov/nuccore/NG_008384",
          "version" : 0
        }, {
          "@id" : "https://pharmgkb.org/crossReference/refSeqDna/NT_030059",
          "@context" : "https://api.pharmgkb.org/jsonld/crossReference.jsonld",
          "id" : 37037,
          "resource" : "RefSeq DNA",
          "resourceId" : "NT_030059",
          "_url" : "https://www.ncbi.nlm.nih.gov/nuccore/NT_030059",
          "version" : 1
        }, {
          "@id" : "https://pharmgkb.org/crossReference/refSeqProtein/NP_000760",
          "@context" : "https://api.pharmgkb.org/jsonld/crossReference.jsonld",
          "id" : 37896,
          "resource" : "RefSeq Protein",
          "resourceId" : "NP_000760",
          "_url" : "https://www.ncbi.nlm.nih.gov/nuccore/NP_000760",
          "version" : 1
        }, {
          "@id" : "https://pharmgkb.org/crossReference/refSeqRna/NM_000769",
          "@context" : "https://api.pharmgkb.org/jsonld/crossReference.jsonld",
          "id" : 46971,
          "resource" : "RefSeq RNA",
          "resourceId" : "NM_000769",
          "_url" : "https://www.ncbi.nlm.nih.gov/nuccore/NM_000769",
          "version" : 1
        }, {
          "@id" : "https://pharmgkb.org/crossReference/ucscGenomeBrowser/NM_000769",
          "@context" : "https://api.pharmgkb.org/jsonld/crossReference.jsonld",
          "id" : 122288,
          "resource" : "UCSC Genome Browser",
          "resourceId" : "NM_000769",
          "_url" : "http://genome.ucsc.edu/cgi-bin/hgTracks?Submit=Submit&position=NM_000769",
          "version" : 1
        }, {
          "@id" : "https://pharmgkb.org/crossReference/uniProtKb/P33261",
          "@context" : "https://api.pharmgkb.org/jsonld/crossReference.jsonld",
          "id" : 62333091,
          "name" : "CP2CJ_HUMAN",
          "resource" : "UniProtKB",
          "resourceId" : "P33261",
          "_url" : "http://www.uniprot.org/uniprot/P33261",
          "version" : 1
        }, {
          "@id" : "https://pharmgkb.org/crossReference/url/http://www.imm.ki.se/CYPalleles/cyp2c19.htm",
          "@context" : "https://api.pharmgkb.org/jsonld/crossReference.jsonld",
          "id" : 88,
          "resource" : "URL",
          "resourceId" : "http://www.imm.ki.se/CYPalleles/cyp2c19.htm",
          "_url" : "http://www.imm.ki.se/CYPalleles/cyp2c19.htm",
          "version" : 1
        } ],
        "hasNonStandardHaplotypes" : false,
        "hideHaplotypes" : false,
        "pharmVarGene" : true,
        "strand" : "plus",
        "terms" : [ {"@id":"https://pharmgkb.org/ontologyTerm/GO/GO:0004497","@context":"https://api.pharmgkb.org/jsonld/ontologyTerm.jsonld","id":560498878,"_url":"http://amigo.geneontology.org/amigo/term/GO:0004497","resource":"Gene Ontology","term":"monooxygenase activity","termId":"GO:0004497"}, {"@id":"https://pharmgkb.org/ontologyTerm/GO/GO:0005783","@context":"https://api.pharmgkb.org/jsonld/ontologyTerm.jsonld","id":560500134,"_url":"http://amigo.geneontology.org/amigo/term/GO:0005783","resource":"Gene Ontology","term":"endoplasmic reticulum","termId":"GO:0005783"}, {"@id":"https://pharmgkb.org/ontologyTerm/GO/GO:0005789","@context":"https://api.pharmgkb.org/jsonld/ontologyTerm.jsonld","id":560500141,"_url":"http://amigo.geneontology.org/amigo/term/GO:0005789","resource":"Gene Ontology","term":"endoplasmic reticulum membrane","termId":"GO:0005789"}, {"@id":"https://pharmgkb.org/ontologyTerm/GO/GO:0005792","@context":"https://api.pharmgkb.org/jsonld/ontologyTerm.jsonld","id":560500144,"_url":"http://amigo.geneontology.org/amigo/term/GO:0005792","resource":"Gene Ontology","term":"microsome","termId":"GO:0005792"}, {"@id":"https://pharmgkb.org/ontologyTerm/GO/GO:0008202","@context":"https://api.pharmgkb.org/jsonld/ontologyTerm.jsonld","id":560501294,"_url":"http://amigo.geneontology.org/amigo/term/GO:0008202","resource":"Gene Ontology","term":"steroid metabolic process","termId":"GO:0008202"}, {"@id":"https://pharmgkb.org/ontologyTerm/GO/GO:0008395","@context":"https://api.pharmgkb.org/jsonld/ontologyTerm.jsonld","id":560496176,"_url":"http://amigo.geneontology.org/amigo/term/GO:0008395","resource":"Gene Ontology","term":"steroid hydroxylase activity","termId":"GO:0008395"}, {"@id":"https://pharmgkb.org/ontologyTerm/GO/GO:0009055","@context":"https://api.pharmgkb.org/jsonld/ontologyTerm.jsonld","id":560503412,"_url":"http://amigo.geneontology.org/amigo/term/GO:0009055","resource":"Gene Ontology","term":"electron carrier activity","termId":"GO:0009055"}, {"@id":"https://pharmgkb.org/ontologyTerm/GO/GO:0016020","@context":"https://api.pharmgkb.org/jsonld/ontologyTerm.jsonld","id":560499972,"_url":"http://amigo.geneontology.org/amigo/term/GO:0016020","resource":"Gene Ontology","term":"membrane","termId":"GO:0016020"}, {"@id":"https://pharmgkb.org/ontologyTerm/GO/GO:0016098","@context":"https://api.pharmgkb.org/jsonld/ontologyTerm.jsonld","id":560506711,"_url":"http://amigo.geneontology.org/amigo/term/GO:0016098","resource":"Gene Ontology","term":"monoterpenoid metabolic process","termId":"GO:0016098"}, {"@id":"https://pharmgkb.org/ontologyTerm/GO/GO:0016491","@context":"https://api.pharmgkb.org/jsonld/ontologyTerm.jsonld","id":560495264,"_url":"http://amigo.geneontology.org/amigo/term/GO:0016491","resource":"Gene Ontology","term":"oxidoreductase activity","termId":"GO:0016491"}, {"@id":"https://pharmgkb.org/ontologyTerm/GO/GO:0017144","@context":"https://api.pharmgkb.org/jsonld/ontologyTerm.jsonld","id":560507281,"_url":"http://amigo.geneontology.org/amigo/term/GO:0017144","resource":"Gene Ontology","term":"drug metabolic process","termId":"GO:0017144"}, {"@id":"https://pharmgkb.org/ontologyTerm/GO/GO:0018675","@context":"https://api.pharmgkb.org/jsonld/ontologyTerm.jsonld","id":560508105,"_url":"http://amigo.geneontology.org/amigo/term/GO:0018675","resource":"Gene Ontology","term":"(S)-limonene 6-monooxygenase activity","termId":"GO:0018675"}, {"@id":"https://pharmgkb.org/ontologyTerm/GO/GO:0018676","@context":"https://api.pharmgkb.org/jsonld/ontologyTerm.jsonld","id":560508106,"_url":"http://amigo.geneontology.org/amigo/term/GO:0018676","resource":"Gene Ontology","term":"(S)-limonene 7-monooxygenase activity","termId":"GO:0018676"}, {"@id":"https://pharmgkb.org/ontologyTerm/GO/GO:0019825","@context":"https://api.pharmgkb.org/jsonld/ontologyTerm.jsonld","id":560509226,"_url":"http://amigo.geneontology.org/amigo/term/GO:0019825","resource":"Gene Ontology","term":"oxygen binding","termId":"GO:0019825"}, {"@id":"https://pharmgkb.org/ontologyTerm/GO/GO:0019899","@context":"https://api.pharmgkb.org/jsonld/ontologyTerm.jsonld","id":560496866,"_url":"http://amigo.geneontology.org/amigo/term/GO:0019899","resource":"Gene Ontology","term":"enzyme binding","termId":"GO:0019899"}, {"@id":"https://pharmgkb.org/ontologyTerm/GO/GO:0020037","@context":"https://api.pharmgkb.org/jsonld/ontologyTerm.jsonld","id":560509358,"_url":"http://amigo.geneontology.org/amigo/term/GO:0020037","resource":"Gene Ontology","term":"heme binding","termId":"GO:0020037"}, {"@id":"https://pharmgkb.org/ontologyTerm/GO/GO:0033767","@context":"https://api.pharmgkb.org/jsonld/ontologyTerm.jsonld","id":560513624,"_url":"http://amigo.geneontology.org/amigo/term/GO:0033767","resource":"Gene Ontology","term":"4-hydroxyacetophenone monooxygenase activity","termId":"GO:0033767"}, {"@id":"https://pharmgkb.org/ontologyTerm/GO/GO:0042738","@context":"https://api.pharmgkb.org/jsonld/ontologyTerm.jsonld","id":560515690,"_url":"http://amigo.geneontology.org/amigo/term/GO:0042738","resource":"Gene Ontology","term":"exogenous drug catabolic process","termId":"GO:0042738"}, {"@id":"https://pharmgkb.org/ontologyTerm/GO/GO:0046483","@context":"https://api.pharmgkb.org/jsonld/ontologyTerm.jsonld","id":560495388,"_url":"http://amigo.geneontology.org/amigo/term/GO:0046483","resource":"Gene Ontology","term":"heterocycle metabolic process","termId":"GO:0046483"}, {"@id":"https://pharmgkb.org/ontologyTerm/GO/GO:0046872","@context":"https://api.pharmgkb.org/jsonld/ontologyTerm.jsonld","id":560495445,"_url":"http://amigo.geneontology.org/amigo/term/GO:0046872","resource":"Gene Ontology","term":"metal ion binding","termId":"GO:0046872"}, {"@id":"https://pharmgkb.org/ontologyTerm/GO/GO:0055114","@context":"https://api.pharmgkb.org/jsonld/ontologyTerm.jsonld","id":560509993,"_url":"http://amigo.geneontology.org/amigo/term/GO:0055114","resource":"Gene Ontology","term":"oxidation reduction","termId":"GO:0055114"} ],
        "version" : 7209
      },
      "version" : 0
    } ],
    "history" : [ {
      "id" : 1183704511,
      "date" : "2011-08-10T00:00:00-07:00",
      "type" : "Create",
      "version" : 0
    }, {
      "id" : 1450415041,
      "date" : "2019-05-23T15:05:19.630-07:00",
      "description" : "Annotation current with November 2018 DPWG Guideline release",
      "type" : "Update",
      "version" : 0
    }, {
      "id" : 1450821020,
      "date" : "2019-10-07T18:02:32.357-07:00",
      "description" : "No changes based on August 2019 guideline",
      "type" : "Update",
      "version" : 0
    }, {
      "id" : 1450956351,
      "date" : "2020-01-31T13:44:00.384-08:00",
      "description" : "Updated link to 2011 DPWG methods",
      "type" : "Update",
      "version" : 0
    }, {
      "id" : 1450963722,
      "date" : "2020-02-11T07:06:07.421-08:00",
      "description" : "Fixed links to 2018 guideline pdfs.",
      "type" : "Update",
      "version" : 0
    }, {
      "id" : 1451704207,
      "date" : "2022-03-03T16:33:27.649-08:00",
      "description" : "Annotation current with May 2021 DPWG Guideline release",
      "type" : "Note",
      "version" : 0
    }, {
      "id" : 1451707353,
      "date" : "2022-03-08T10:09:21.014-08:00",
      "description" : "Added information about preemptive genotyping",
      "type" : "Update",
      "version" : 0
    }, {
      "id" : 1451732847,
      "date" : "2022-03-28T09:57:41.308-07:00",
      "description" : "Annotation current with February 2022 DPWG guideline release",
      "type" : "Note",
      "version" : 0
    }, {
      "id" : 1451733425,
      "date" : "2022-03-28T14:50:54.989-07:00",
      "description" : "Updated link to testing guidance page",
      "type" : "Update",
      "version" : 0
    } ],
    "literature" : [ {"@id":"https://pharmgkb.org/literature/7283333","@context":"https://api.pharmgkb.org/jsonld/literature.jsonld","id":7283333,"title":"Pharmacogenetics: from bench to byte--an update of guidelines.","_sameAs":"https://www.ncbi.nlm.nih.gov/pubmed/21412232","crossReferences":[{"@id":"https://pharmgkb.org/crossReference/pubMed/21412232","@context":"https://api.pharmgkb.org/jsonld/crossReference.jsonld","id":769250885,"resource":"PubMed","resourceId":"21412232","_url":"https://www.ncbi.nlm.nih.gov/pubmed/21412232"},{"@id":"https://pharmgkb.org/crossReference/doi/10.1038/clpt.2011.34","@context":"https://api.pharmgkb.org/jsonld/crossReference.jsonld","id":1449247827,"resource":"DOI","resourceId":"10.1038/clpt.2011.34","_url":"http://dx.doi.org/10.1038%2Fclpt.2011.34"}],"objCls":"Literature"}, {"@id":"https://pharmgkb.org/literature/15103288","@context":"https://api.pharmgkb.org/jsonld/literature.jsonld","id":15103288,"title":"Dutch Pharmacogenetics Working Group Guidelines August 2019","_sameAs":"https://www.knmp.nl/downloads/pharmacogenetic-recommendations-august-2019.pdf","crossReferences":[{"@id":"https://pharmgkb.org/crossReference/url/https://www.knmp.nl/downloads/pharmacogenetic-recommendations-august-2019.pdf","@context":"https://api.pharmgkb.org/jsonld/crossReference.jsonld","id":1450815695,"resource":"URL","resourceId":"https://www.knmp.nl/downloads/pharmacogenetic-recommendations-august-2019.pdf","_url":"https://www.knmp.nl/downloads/pharmacogenetic-recommendations-august-2019.pdf"}],"objCls":"Literature"}, {"@id":"https://pharmgkb.org/literature/15102465","@context":"https://api.pharmgkb.org/jsonld/literature.jsonld","id":15102465,"title":"Dutch Pharmacogenetics Working Group Guidelines November 2018","_sameAs":"https://www.knmp.nl/downloads/pharmacogenetic-recommendations-november-2018.pdf","crossReferences":[{"@id":"https://pharmgkb.org/crossReference/url/https://www.knmp.nl/downloads/pharmacogenetic-recommendations-november-2018.pdf","@context":"https://api.pharmgkb.org/jsonld/crossReference.jsonld","id":1450415575,"resource":"URL","resourceId":"https://www.knmp.nl/downloads/pharmacogenetic-recommendations-november-2018.pdf","_url":"https://www.knmp.nl/downloads/pharmacogenetic-recommendations-november-2018.pdf"}],"objCls":"Literature"} ],
    "pediatric" : false,
    "recommendation" : true,
    "relatedAlleles" : [ ],
    "relatedChemicals" : [ {
      "@id" : "https://pharmgkb.org/chemical/PA450774",
      "@context" : "https://api.pharmgkb.org/jsonld/chemical.jsonld",
      "objCls" : "Chemical",
      "id" : "PA450774",
      "name" : "pantoprazole",
      "version" : 14
    } ],
    "relatedGenes" : [ {
      "@id" : "https://pharmgkb.org/gene/PA124",
      "@context" : "https://api.pharmgkb.org/jsonld/gene.jsonld",
      "objCls" : "Gene",
      "id" : "PA124",
      "symbol" : "CYP2C19",
      "name" : "cytochrome P450 family 2 subfamily C member 19",
      "version" : 7209
    } ],
    "source" : "DPWG",
    "summaryMarkdown" : {
      "id" : 1447981904,
      "html" : "<p>For CYP2C19 ultrarapid metabolizers who are undergoing <em>H. pylori</em> eradication therapy, use a 5-fold higher dose. For CYP2C19 ultrarapid metabolizers with other indications, be alert to reduced effectiveness and, if necessary, use a 5-fold higher dose.</p>\n",
      "version" : 1
    },
    "terms" : [ ],
    "textMarkdown" : {
      "id" : 1447981903,
      "html" : "<h3 id=\"november-2018-update\">November 2018 Update</h3>\n<p>The Royal Dutch Pharmacists Association - Pharmacogenetics Working Group has evaluated therapeutic dose recommendations for pantoprazole based on CYP2C19 genotype. Patients who are CYP2C19 ultrarapid metabolizers who are undergoing <em>H. pylori</em> eradication therapy should receive a 5-fold higher dose. In CYP2C19 ultrarapid metabolizer patients with other indications, be alert to reduced effectiveness, and, if necessary, use a 5-fold higher dose. Patients should be advised to report persisting symptoms of dyspepsia.</p>\n<p><em>Wording in table taken from the <a download=\"DPWG_November_2018.pdf\" href=\"https://api.pharmgkb.org/v1/download/file/attachment/DPWG_November_2018.pdf\">Dutch guidelines November 2018 update</a>.</em></p>\n<table class=\"table\">\n<thead>\n<tr>\n<th>Allele/Genotype/Phenotype</th>\n<th>Drug</th>\n<th>Description</th>\n<th>Recommendation</th>\n</tr>\n</thead>\n<tbody>\n<tr>\n<td>CYP2C19 PM</td>\n<td>pantoprazole</td>\n<td>NO action is required for this gene-drug interaction.</td>\n<td>The higher plasma concentration of pantoprazole results in an increase in the therapeutic effectiveness, without an increase in the side effects.</td>\n</tr>\n<tr>\n<td>CYP2C19 IM</td>\n<td>pantoprazole</td>\n<td>NO action is required for this gene-drug interaction.</td>\n<td>The higher plasma concentration of pantoprazole results in an increase in the therapeutic effectiveness, without an increase in the side effects.</td>\n</tr>\n<tr>\n<td>CYP2C19 UM</td>\n<td>pantoprazole</td>\n<td>The genetic variation may lead to a reduced pantoprazole plasma concentration and therefore reduced pantoprazole effectiveness.</td>\n<td><strong>For Helicobacter pylori ERADICATION THERAPY:</strong> 1. use a 5-fold higher dose. 2. advise the patient to contact their doctor if symptoms of dyspepsia persist.<br/><strong>OTHER INDICATIONS:</strong> 1. be alert to reduced effectiveness. 2. if necessary, use a 5-fold higher dose. 3. advise the patient to report persisting symptoms of dyspepsia.</td>\n</tr>\n</tbody>\n</table>\n<h4 id=\"preemptive-genotyping\">Preemptive genotyping</h4>\n<p>Excerpts from the <a rel=\"noopener noreferrer\" href=\"https://www.g-standaard.nl/risicoanalyse/B0001847.PDF\" target=\"_blank\">DPWG risk analysis document</a> for pantoprazole and CYP2C19:</p>\n<blockquote class=\"blockquote\">\n<p>The Dutch Pharmacogenetics Working Group considers genotyping before starting pantoprazole to be potentially beneficial for drug efficacy. Genotyping can be considered on an individual patient basis. If, however, the genotype is available, the Dutch Pharmacogenetics Working Group recommends adhering to the gene-drug guideline.</p>\n</blockquote>\n<p><a href=\"/page/testingGuidance\">Read more about how DPWG assigns their recommendations for preemptive genotyping.</a></p>\n<p><a rel=\"noopener noreferrer\" href=\"https://www.g-standaard.nl/risicoanalyse/B0001849.PDF\" target=\"_blank\">Read for more information about this recommendation</a>, <a rel=\"noopener noreferrer\" href=\"https://www.knmp.nl/producten/gebruiksrecht-g-standaard/medicatiebewaking-g-standaard/background-information-pharmacogenetics\" target=\"_blank\">Read about gene information from DPWG</a></p>\n<h3 id=\"2011-guideline\">2011 Guideline</h3>\n<p>The Royal Dutch Pharmacists Association - Pharmacogenetics Working Group has evaluated therapeutic dose recommendations for pantoprazole based on <em>CYP2C19</em> genotype [Article:<a href=\"/pmid/21412232\">21412232</a>].  For the <em>CYP2C19</em> UM phenotype, they conclude to be extra alert to insufficient response and recommend to consider dose increase by 400%.</p>\n<table class=\"table\">\n<thead>\n<tr>\n<th>Phenotype (Genotype)</th>\n<th>Therapeutic Dose Recommendation</th>\n<th>Level of Evidence</th>\n<th>Clinical Relevance</th>\n</tr>\n</thead>\n<tbody>\n<tr>\n<td><em>CYP2C19</em> PM (*2/*2, *2/*3, *3/*3)</td>\n<td>None</td>\n<td>Published controlled studies of moderate quality# relating to phenotyped and/or genotyped patients or healthy volunteers, and having relevant pharmacokinetic or clinical endpoints</td>\n<td>Positive clinical effects</td>\n</tr>\n<tr>\n<td><em>CYP2C19</em> IM (*1/*2, *1/*3, *17/*2, *17/*3)</td>\n<td>None</td>\n<td>Published controlled studies of moderate quality# relating to phenotyped and/or genotyped patients or healthy volunteers, and having relevant pharmacokinetic or clinical endpoints</td>\n<td>Positive clinical effects</td>\n</tr>\n<tr>\n<td><em>CYP2C19</em> UM (*17/*17)</td>\n<td>Helicobacter pylori eradication: increase dose by 400%. Be extra alert to insufficient response. Other: be extra alert to insufficient response. Consider dose increase by 400%</td>\n<td>Published controlled studies of moderate quality# relating to phenotyped and/or genotyped patients or healthy volunteers, and having relevant pharmacokinetic or clinical endpoints</td>\n<td>Clinical effect (not statistically significant difference); Kinetic effect (not statistically significant difference)</td>\n</tr>\n</tbody>\n</table>\n<ul>\n<li>#See <a href=\"http://www.pharmgkb.org/page/dpwg\">Methods </a> or [Article:<a href=\"/pmid/18253145\">18253145</a>] for definition of &quot;moderate&quot; quality.</li>\n</ul>\n",
      "version" : 14
    },
    "userId" : "katrin",
    "version" : 28
  }
}