{
  "citations" : [ ],
  "guideline" : {
    "@id" : "https://pharmgkb.org/guidelineAnnotation/PA166265001",
    "@context" : "https://api.pharmgkb.org/jsonld/guidelineAnnotation.jsonld",
    "objCls" : "Guideline Annotation",
    "id" : "PA166265001",
    "name" : "Annotation of DPWG Guideline for methotrexate and MTHFR",
    "cancerGenome" : false,
    "crossReferences" : [ ],
    "guidelineGenes" : [ ],
    "history" : [ {
      "id" : 1451696065,
      "date" : "2022-02-25T22:57:49.383-08:00",
      "description" : "add",
      "type" : "Update",
      "version" : 0
    }, {
      "id" : 1451704261,
      "date" : "2022-03-03T16:33:36.366-08:00",
      "description" : "Annotation current with May 2021 DPWG Guideline release",
      "type" : "Note",
      "version" : 0
    }, {
      "id" : 1451732900,
      "date" : "2022-03-28T09:57:50.091-07:00",
      "description" : "Annotation current with February 2022 DPWG guideline release",
      "type" : "Note",
      "version" : 0
    } ],
    "literature" : [ ],
    "pediatric" : false,
    "recommendation" : false,
    "relatedAlleles" : [ {
      "@id" : "https://pharmgkb.org/variant/PA166153644",
      "@context" : "https://api.pharmgkb.org/jsonld/variant.jsonld",
      "objCls" : "Variant",
      "id" : "PA166153644",
      "symbol" : "rs1801133",
      "name" : "rs1801133",
      "version" : 4
    } ],
    "relatedChemicals" : [ {
      "@id" : "https://pharmgkb.org/chemical/PA450428",
      "@context" : "https://api.pharmgkb.org/jsonld/chemical.jsonld",
      "objCls" : "Chemical",
      "id" : "PA450428",
      "name" : "methotrexate",
      "version" : 32
    } ],
    "relatedGenes" : [ {
      "@id" : "https://pharmgkb.org/gene/PA245",
      "@context" : "https://api.pharmgkb.org/jsonld/gene.jsonld",
      "objCls" : "Gene",
      "id" : "PA245",
      "symbol" : "MTHFR",
      "name" : "methylenetetrahydrofolate reductase",
      "version" : 3429
    } ],
    "source" : "DPWG",
    "summaryMarkdown" : {
      "id" : 1451696085,
      "html" : "<p>There are currently no recommendations for methotrexate dosing based on MTHFR rs1801133 genotypes.</p>\n",
      "version" : 0
    },
    "terms" : [ ],
    "textMarkdown" : {
      "id" : 1451696086,
      "html" : "<h3 id=\"may-2021-guideline\">May 2021 Guideline</h3>\n<p>The Royal Dutch Pharmacists Association - Pharmacogenetics Working Group has evaluated therapeutic dose recommendations for methotrexate and MTHFR rs1801133 (677C&gt;T) variant. They conclude that this is NOT a gene-drug interaction. (see <a download=\"DPWG_May_2021.pdf\" href=\"https://api.pharmgkb.org/v1/download/file/attachment/DPWG_May_2021.pdf\">Dutch guidelines May 2021 update</a>).</p>\n<p><a rel=\"noopener noreferrer\" href=\"https://www.g-standaard.nl/risicoanalyse/B0005599.PDF\" target=\"_blank\">Read for more information about this recommendation</a>, <a rel=\"noopener noreferrer\" href=\"https://www.knmp.nl/producten/gebruiksrecht-g-standaard/medicatiebewaking-g-standaard/background-information-pharmacogenetics\" target=\"_blank\">Read about gene information from DPWG</a></p>\n",
      "version" : 0
    },
    "userId" : "lgong",
    "version" : 3
  }
}